-- phpMyAdmin SQL Dump
-- version 5.2.0
-- https://www.phpmyadmin.net/
--
-- Máy chủ: localhost
-- Thời gian đã tạo: Th8 06, 2025 lúc 06:41 PM
-- Phiên bản máy phục vụ: 10.4.26-MariaDB
-- Phiên bản PHP: 7.4.30

SET SQL_MODE = "NO_AUTO_VALUE_ON_ZERO";
START TRANSACTION;
SET time_zone = "+00:00";


/*!40101 SET @OLD_CHARACTER_SET_CLIENT=@@CHARACTER_SET_CLIENT */;
/*!40101 SET @OLD_CHARACTER_SET_RESULTS=@@CHARACTER_SET_RESULTS */;
/*!40101 SET @OLD_COLLATION_CONNECTION=@@COLLATION_CONNECTION */;
/*!40101 SET NAMES utf8mb4 */;

--
-- Cơ sở dữ liệu: `gachno_db`
--

-- --------------------------------------------------------

--
-- Cấu trúc bảng cho bảng `admin_config`
--

CREATE TABLE `admin_config` (
  `id` int(10) UNSIGNED NOT NULL,
  `key` varchar(255) COLLATE utf8mb4_unicode_ci DEFAULT NULL,
  `value` varchar(255) COLLATE utf8mb4_unicode_ci DEFAULT NULL,
  `created_at` timestamp NULL DEFAULT NULL,
  `updated_at` timestamp NULL DEFAULT NULL
) ENGINE=InnoDB DEFAULT CHARSET=utf8mb4 COLLATE=utf8mb4_unicode_ci;

--
-- Đang đổ dữ liệu cho bảng `admin_config`
--

INSERT INTO `admin_config` (`id`, `key`, `value`, `created_at`, `updated_at`) VALUES
(1, 'admin_register', '0', '2022-09-09 06:24:44', '2022-09-09 17:52:02'),
(2, 'trial_expire_date', '3', '2022-09-09 06:24:44', '2025-05-28 07:17:10');

-- --------------------------------------------------------

--
-- Cấu trúc bảng cho bảng `banner`
--

CREATE TABLE `banner` (
  `id` int(10) UNSIGNED NOT NULL,
  `name` varchar(255) COLLATE utf8mb4_unicode_ci DEFAULT NULL,
  `content` text COLLATE utf8mb4_unicode_ci DEFAULT NULL,
  `position` varchar(255) COLLATE utf8mb4_unicode_ci DEFAULT NULL,
  `link` varchar(255) COLLATE utf8mb4_unicode_ci DEFAULT NULL,
  `link_to` text COLLATE utf8mb4_unicode_ci DEFAULT NULL,
  `publish` tinyint(4) NOT NULL DEFAULT 0,
  `created_at` timestamp NULL DEFAULT NULL,
  `updated_at` timestamp NULL DEFAULT NULL
) ENGINE=InnoDB DEFAULT CHARSET=utf8mb4 COLLATE=utf8mb4_unicode_ci;

--
-- Đang đổ dữ liệu cho bảng `banner`
--

INSERT INTO `banner` (`id`, `name`, `content`, `position`, `link`, `link_to`, `publish`, `created_at`, `updated_at`) VALUES
(2, 'Phần mềm bán hàng đa ngành nghề HPK SALE', '.', 'top', '/public/banner_media/MTcyNzEyOTE4N0Jhbm5lciBhcHAgY3VvYyAgYmFja2VuZCBUIDkgMjAyNC5qcGdOSk9Qc3kxUlp1TGtYVlVy.jpg', 'https://www.youtube.com/watch?v=cBtnCxA9CeE&t=36s', 1, '2023-08-19 08:58:44', '2025-05-04 12:27:12');

-- --------------------------------------------------------

--
-- Cấu trúc bảng cho bảng `collection_data`
--

CREATE TABLE `collection_data` (
  `id` int(10) UNSIGNED NOT NULL,
  `code` varchar(255) COLLATE utf8mb4_unicode_ci DEFAULT NULL,
  `name` varchar(255) COLLATE utf8mb4_unicode_ci DEFAULT NULL,
  `account` varchar(255) COLLATE utf8mb4_unicode_ci DEFAULT NULL,
  `phone` varchar(255) COLLATE utf8mb4_unicode_ci DEFAULT NULL,
  `address` varchar(255) COLLATE utf8mb4_unicode_ci DEFAULT NULL,
  `postage` int(11) NOT NULL DEFAULT 0,
  `form` varchar(255) COLLATE utf8mb4_unicode_ci DEFAULT NULL,
  `username` varchar(255) COLLATE utf8mb4_unicode_ci DEFAULT NULL,
  `leader_username` varchar(255) COLLATE utf8mb4_unicode_ci DEFAULT NULL,
  `period` date DEFAULT NULL,
  `service` varchar(255) COLLATE utf8mb4_unicode_ci NOT NULL DEFAULT 'Cước viễn thông',
  `ads` varchar(255) COLLATE utf8mb4_unicode_ci DEFAULT NULL,
  `filename` varchar(255) COLLATE utf8mb4_unicode_ci DEFAULT NULL,
  `creator` int(11) DEFAULT NULL,
  `paid_value` int(11) NOT NULL DEFAULT 0,
  `bill` tinyint(4) NOT NULL DEFAULT 0,
  `trans_id` varchar(255) COLLATE utf8mb4_unicode_ci DEFAULT NULL,
  `completed` tinyint(4) NOT NULL DEFAULT 0,
  `updated_date` date DEFAULT NULL,
  `updated_time` timestamp NULL DEFAULT NULL,
  `updated_username` varchar(255) COLLATE utf8mb4_unicode_ci DEFAULT NULL,
  `created_at` timestamp NULL DEFAULT NULL,
  `updated_at` timestamp NULL DEFAULT NULL
) ENGINE=InnoDB DEFAULT CHARSET=utf8mb4 COLLATE=utf8mb4_unicode_ci;

-- --------------------------------------------------------

--
-- Cấu trúc bảng cho bảng `migrations`
--

CREATE TABLE `migrations` (
  `id` int(10) UNSIGNED NOT NULL,
  `migration` varchar(255) COLLATE utf8mb4_unicode_ci NOT NULL,
  `batch` int(11) NOT NULL
) ENGINE=InnoDB DEFAULT CHARSET=utf8mb4 COLLATE=utf8mb4_unicode_ci;

--
-- Đang đổ dữ liệu cho bảng `migrations`
--

INSERT INTO `migrations` (`id`, `migration`, `batch`) VALUES
(1, '2014_10_12_000000_create_users_table', 1),
(2, '2014_10_12_100000_create_password_resets_table', 1),
(3, '2021_12_21_220513_create_table_admin_config', 1),
(4, '2021_12_28_161452_create_table_collection_data', 1),
(5, '2021_12_29_211806_add_column_date_updated_table_collection_data', 1),
(6, '2022_01_03_234630_create_table_banner', 1),
(7, '2022_01_05_205303_add_column_service_table_data', 1),
(8, '2022_01_07_145553_add_column_ads_table_collection_data', 1),
(9, '2022_04_23_153243_update_table_app_user', 1),
(10, '2022_04_24_111234_add_trial_admin_config', 1),
(11, '2022_05_13_135917_add_device_info_table_user', 1),
(12, '2022_05_16_125038_add_type_postage_table_user', 1),
(13, '2022_05_23_234407_add_column_updated_time', 1),
(14, '2022_06_03_103949_add_column_updated_user', 1),
(15, '2022_06_03_115927_add_column_link_to', 1),
(16, '2022_11_24_131945_add_user_print_bill', 2),
(17, '2023_09_18_134008_create_table_tranporter_transaction', 3),
(18, '2024_07_20_232511_update_orders_table', 4),
(19, '2024_07_19_061631_create_products_table', 4),
(20, '2024_07_19_061631_create_products_table', 5),
(21, '2024_07_20_232511_create_orders_table', 6),
(22, '2024_07_20_233328_create_order_details_table', 7),
(23, '2024_08_31_211346_add_config_to_users', 7);

-- --------------------------------------------------------

--
-- Cấu trúc bảng cho bảng `orders`
--

CREATE TABLE `orders` (
  `id` int(10) UNSIGNED NOT NULL,
  `user` varchar(255) COLLATE utf8mb4_unicode_ci NOT NULL DEFAULT '',
  `table_id` int(10) UNSIGNED NOT NULL DEFAULT 0,
  `discount` bigint(20) UNSIGNED NOT NULL DEFAULT 0,
  `total` bigint(20) UNSIGNED NOT NULL DEFAULT 0,
  `is_paid` tinyint(1) NOT NULL DEFAULT 0,
  `created_at` timestamp NULL DEFAULT NULL,
  `updated_at` timestamp NULL DEFAULT NULL,
  `user_id` int(10) UNSIGNED DEFAULT NULL
) ENGINE=InnoDB DEFAULT CHARSET=utf8mb4 COLLATE=utf8mb4_unicode_ci;

--
-- Đang đổ dữ liệu cho bảng `orders`
--

INSERT INTO `orders` (`id`, `user`, `table_id`, `discount`, `total`, `is_paid`, `created_at`, `updated_at`, `user_id`) VALUES
(105, 'Trâb skáljslfjfka;feàda', 1, 0, 240000, 0, '2024-07-30 19:19:51', '2024-07-30 19:19:51', 185),
(107, 'Lê Thị Dần', 1, 0, 197000, 1, '2024-07-31 15:19:46', '2024-09-21 16:33:45', 546),
(108, 'h**i a** - TIKTOK', 1, 0, 372165, 0, '2024-08-18 07:36:13', '2024-08-18 07:36:13', 168176),
(111, 'abca123', 1, 0, 150000, 1, '2024-09-10 14:01:24', '2024-12-01 14:42:54', 546),
(112, 'abca123', 1, 0, 100000, 1, '2024-09-10 15:44:34', '2024-09-10 15:44:34', 546),
(113, 'abca123', 1, 0, 50000, 1, '2024-09-11 15:28:37', '2024-09-21 16:34:18', 546),
(114, '1111111', 3, 0, 100000, 0, '2024-09-11 15:31:51', '2024-09-11 15:31:51', 546),
(123, 'abcdef', 1, 1000, 10000, 0, '2024-09-12 14:14:27', '2024-09-12 14:14:27', 546),
(124, 'ưra sdsa adsa   a fa', 1, 0, 40000, 0, '2024-09-12 14:24:27', '2024-09-12 14:24:27', 1),
(125, 'HXHH   HHHHH', 1, 0, 120000, 1, '2024-09-12 14:24:46', '2024-09-12 14:24:46', 1),
(126, '20000222', 1, 10022, 38978, 0, '2024-09-12 16:24:19', '2024-09-12 16:24:19', 546),
(127, 'abcdef', 1, 0, 30000, 0, '2024-09-14 06:21:57', '2024-09-14 06:21:57', 546),
(128, 'Duy', 1, 20000, 180000, 1, '2024-09-14 06:22:38', '2024-09-14 06:22:38', 546),
(129, 'Duy nhất', 1, 50000, 1860000, 0, '2024-09-16 16:13:17', '2024-09-16 16:13:17', 546),
(130, 'ngiyen van an', 1, 0, 150000, 1, '2024-09-16 16:53:18', '2024-09-16 16:53:18', 546),
(131, 'Ngiyenm Van A', 1, 0, 100000, 0, '2024-09-17 00:49:45', '2024-09-17 00:49:45', 546),
(132, '0ssjb sjsusisjsddd', 1, 0, 130000, 1, '2024-09-17 00:50:18', '2024-09-17 00:50:18', 546),
(133, '1', 1, 0, 130000, 1, '2024-09-17 00:59:29', '2024-09-17 00:59:29', 546),
(134, 'qffgyyy yyyyy ff', 1, 0, 360000, 1, '2024-09-17 01:00:43', '2024-09-17 01:00:43', 546),
(135, 'Ngiyen van Ba', 1, 0, 330000, 1, '2024-09-17 01:02:16', '2024-09-17 01:02:16', 546),
(136, 'Duy', 1, 1000, 100000, 0, '2024-09-17 01:18:08', '2024-09-17 01:18:08', 546),
(137, 'abcdef', 1, 0, 30000, 0, '2024-09-17 01:33:35', '2024-09-17 01:33:35', 546),
(138, '1', 1, 0, 30000, 0, '2024-09-17 01:40:14', '2024-09-17 01:40:14', 546),
(139, '1', 1, 0, 30000, 0, '2024-09-17 06:38:35', '2024-09-17 06:38:35', 546),
(140, 'abcdef', 1, 1000, 10000, 0, '2024-09-17 14:45:11', '2024-09-17 14:45:11', 546),
(141, 'abcdef', 1, 1000, 10000, 0, '2024-09-17 14:45:28', '2024-09-17 14:45:28', 546),
(142, 'abcdef', 1, 1000, 10000, 0, '2024-09-17 14:45:40', '2024-09-17 14:45:40', 546),
(143, '', 1, 0, 10000, 0, '2024-09-17 14:50:00', '2024-09-17 14:50:00', 546),
(144, '111', 1, 0, 30000, 0, '2024-09-17 16:42:39', '2024-09-17 16:42:39', 546),
(145, '', 1, 0, 30000, 0, '2024-09-17 16:43:03', '2024-09-17 16:43:03', 546),
(146, '', 1, 0, 30000, 0, '2024-09-17 16:43:11', '2024-09-17 16:43:11', 546),
(149, 'yuậb', 1, 10000, 50000, 0, '2024-09-19 16:22:57', '2024-09-19 16:22:57', 546),
(150, 'thưhd', 1, 2000, 50000, 0, '2024-09-20 15:03:01', '2024-09-20 15:03:01', 546),
(159, '123', 9, 0, 50000, 1, '2024-09-20 15:50:21', '2024-09-21 15:30:11', 546),
(160, 'trz vomm', 1, 0, 0, 0, '2024-09-20 15:56:34', '2024-09-20 15:56:34', 546),
(161, '', 1, 0, 0, 0, '2024-09-21 07:12:39', '2024-09-21 07:12:39', 546),
(162, '', 1, 0, 10000, 0, '2024-09-21 07:22:54', '2024-09-21 07:22:54', 546),
(163, '', 9, 0, 50000, 0, '2024-09-21 15:30:35', '2024-09-21 15:30:35', 546),
(164, '', 9, 0, 50000, 0, '2024-09-21 15:30:43', '2024-09-21 15:30:43', 546),
(165, '', 1, 0, 80000, 0, '2024-09-21 16:31:39', '2024-09-21 16:31:39', 546),
(166, '', 1, 1, 130000, 1, '2024-09-21 16:36:41', '2024-09-21 16:36:41', 546),
(167, '', 1, 0, 200000, 1, '2024-09-21 16:48:56', '2024-09-21 16:48:56', 546),
(168, '', 1, 0, 200000, 0, '2024-09-23 07:58:59', '2024-09-23 07:58:59', 546),
(169, '', 1, 0, 100000, 0, '2024-09-23 08:00:04', '2024-09-23 08:00:04', 546),
(170, '', 1, 0, 200000, 1, '2024-09-23 08:00:18', '2024-09-23 08:00:18', 546),
(171, '', 1, 0, 100000, 1, '2024-09-23 08:00:30', '2024-09-23 08:00:30', 546),
(172, '', 1, 0, 200000, 1, '2024-09-23 08:01:59', '2024-09-23 08:01:59', 546),
(173, '', 1, 0, 100000, 1, '2024-09-23 08:02:04', '2024-09-23 08:02:04', 546),
(174, '', 1, 0, 180000, 0, '2024-09-23 08:08:45', '2024-09-23 08:08:45', 546),
(175, '', 1, 2000, 50000, 0, '2024-09-23 15:29:20', '2024-09-23 15:29:20', 546),
(176, 'abc', 1, 20000, 520000, 0, '2024-10-16 01:51:28', '2024-10-16 01:51:28', 546),
(177, '', 1, 20000, 80000, 0, '2024-10-16 01:52:28', '2024-10-16 01:52:28', 546),
(178, '', 1, 0, 150000, 0, '2024-11-16 13:58:37', '2024-11-16 13:58:37', 643),
(179, '', 1, 0, 50000, 0, '2024-11-26 08:54:50', '2024-11-26 08:54:50', 546),
(180, 'Đinh Văn Hậu s079_gftth_haucc', 1, 0, 30000, 0, '2024-11-26 08:55:12', '2024-11-26 08:55:12', 546),
(181, 'NGUYỄN THANH THUYẾT', 1, 0, 300000, 0, '2024-12-01 07:37:26', '2024-12-01 07:37:26', 643),
(182, 'TRẦN THỊ THANH', 1, 0, 300000, 1, '2024-12-01 08:09:58', '2024-12-01 08:09:58', 643),
(183, 'NGUYỄN NGỌC TRINH', 1, 0, 300000, 1, '2024-12-06 08:00:17', '2024-12-06 08:00:17', 643),
(184, 'Tô Văn Tấn', 1, 0, 300000, 1, '2024-12-09 14:24:26', '2024-12-09 14:24:26', 799),
(185, '', 1, 0, 300000, 1, '2024-12-09 14:25:31', '2024-12-09 14:25:31', 799),
(186, 'Văn Tấn', 1, 10, 300000, 1, '2024-12-09 14:26:04', '2024-12-09 14:26:04', 799),
(187, 'Tấn', 1, 10, 300000, 1, '2024-12-09 14:26:51', '2024-12-09 14:26:51', 799),
(188, 'Tô Văn Tấn', 1, 0, 300000, 1, '2024-12-09 14:27:11', '2024-12-09 14:27:11', 799),
(189, 'Trung', 1, 0, 300000, 1, '2024-12-09 14:30:13', '2024-12-09 14:30:13', 799),
(190, 'tấn', 1, 0, 990000, 0, '2024-12-09 14:34:22', '2024-12-09 14:34:22', 799),
(191, '', 1, 0, 300000, 0, '2024-12-09 14:35:52', '2024-12-09 14:35:52', 799),
(192, 'VÕ THỊ KIỀU TRANG', 1, 0, 300000, 1, '2024-12-22 04:27:25', '2024-12-22 04:27:25', 643),
(193, '', 1, 0, 1290000, 0, '2024-12-25 12:43:35', '2024-12-25 12:43:35', 799),
(194, '', 1, 0, 990000, 0, '2024-12-25 12:43:44', '2024-12-25 12:43:44', 799),
(195, 'LÊ VĂN TƯƠI', 1, 0, 300000, 1, '2025-01-08 06:52:52', '2025-01-08 06:52:52', 643),
(196, '', 1, 0, 300000, 0, '2025-01-20 10:44:15', '2025-01-20 10:44:15', 799),
(197, '', 1, 0, 300000, 0, '2025-01-20 10:44:22', '2025-01-20 10:44:22', 799),
(198, 'MAI THỊ TUYẾT NHUNG', 1, 0, 300000, 1, '2025-01-25 06:36:19', '2025-01-25 06:36:19', 643),
(199, 'Nguyễn Văn Ngự', 1, 0, 990000, 1, '2025-03-19 07:13:24', '2025-03-19 07:13:24', 799),
(200, 'NGUYỄN THỊ DIỆU', 1, 0, 300000, 0, '2025-03-24 07:19:21', '2025-03-24 07:19:21', 643),
(210, 'điên', 1, 0, 1980000, 0, '2025-04-11 04:23:05', '2025-04-11 04:23:05', 168367),
(211, 'Anh Thọ - 01/01/2025 đến 06/2025', 1, 0, 1260000, 0, '2025-04-11 04:24:06', '2025-04-11 04:24:06', 168367),
(213, 'PHẠM VĂN LE', 1, 0, 300000, 1, '2025-04-14 07:30:43', '2025-04-14 07:30:43', 643),
(217, 'Nguyễn Thị Thúy Ngọc', 1, 0, 300000, 1, '2025-04-18 03:35:28', '2025-04-18 03:35:28', 168408),
(218, 'Hai On', 1, 0, 540000, 1, '2025-04-18 09:19:34', '2025-04-29 07:51:51', 168408),
(219, 'nguyễn văn biên', 1, 0, 990000, 1, '2025-04-22 09:05:34', '2025-04-22 09:05:34', 168408),
(221, 'Đỗ Thị Mỹ quyền', 1, 0, 324000, 1, '2025-04-28 03:06:47', '2025-04-29 07:52:13', 168408),
(222, 'Huỳnh Phúc Nguyên', 1, 0, 300000, 1, '2025-04-28 04:31:01', '2025-04-29 07:52:35', 168408),
(223, 'trần thị hoàng', 1, 0, 165000, 1, '2025-04-28 09:13:20', '2025-04-29 07:52:44', 168408),
(224, 'nguyễn thị giỏi', 1, 0, 1110000, 0, '2025-04-29 07:48:53', '2025-04-29 07:48:53', 168408),
(225, 'DƯƠNG THỊ HỒNG XUYẾN', 1, 0, 300000, 1, '2025-04-30 05:37:57', '2025-04-30 05:37:57', 643),
(226, 'trương ngọc huy', 1, 0, 170000, 0, '2025-05-17 02:53:15', '2025-05-17 02:53:15', 168408),
(227, 'Trần Văn Long', 1, 0, 180000, 0, '2025-05-17 10:26:34', '2025-05-17 10:26:34', 168408),
(228, 'Nguyễn Thị Ngọc Liên', 1, 0, 170000, 0, '2025-05-17 11:11:20', '2025-05-17 11:11:20', 168408),
(229, 'NGUYỄN THÀNH NGỌC', 1, 0, 300000, 1, '2025-05-30 11:19:30', '2025-05-30 11:19:30', 643),
(230, 'NGUYỄN THỊ NGỌC THƯ', 1, 0, 600000, 1, '2025-06-07 03:18:14', '2025-06-07 03:18:14', 643),
(231, 'nguyễn văn vũ', 1, 0, 170000, 0, '2025-06-23 09:12:30', '2025-06-23 09:12:30', 168408),
(232, 'trần thị thi', 1, 0, 170000, 0, '2025-06-27 02:43:46', '2025-06-27 02:43:46', 168408),
(235, '', 1, 0, 185000, 0, '2025-07-04 03:33:20', '2025-07-04 03:33:20', 168408),
(236, '', 1, 0, 0, 0, '2025-07-04 03:33:40', '2025-07-04 03:33:40', 168408),
(237, '', 1, 0, 185000, 0, '2025-07-04 03:39:45', '2025-07-04 03:39:45', 168408),
(238, 'Trần Văn Bình', 1, 0, 390000, 1, '2025-07-20 05:23:21', '2025-07-20 05:23:21', 799),
(239, 'lâm văn cường', 1, 0, 225000, 0, '2025-07-25 09:26:44', '2025-07-25 09:26:44', 168408),
(240, '', 1, 0, 990000, 0, '2025-07-30 11:41:23', '2025-07-30 11:41:23', 799),
(241, 'Tô Văn Tấn', 1, 0, 300000, 0, '2025-07-30 11:41:43', '2025-07-30 11:41:43', 799),
(242, '', 1, 0, 300000, 0, '2025-07-30 11:41:51', '2025-07-30 11:41:51', 799),
(243, '', 1, 0, 20000000, 0, '2025-07-30 11:52:33', '2025-07-30 11:52:33', 799),
(244, 'TÔ VĂN TẤN', 1, 0, 20000000, 0, '2025-07-30 11:52:50', '2025-07-30 11:52:50', 799),
(245, 'Tô Văn Tấn', 1, 0, 20000000, 0, '2025-07-30 11:53:55', '2025-07-30 11:53:55', 799),
(246, 'Tô Văn Tấn', 1, 0, 20000000, 0, '2025-07-30 12:01:00', '2025-07-30 12:01:00', 168296),
(247, 'Tô Văn Tấn', 1, 0, 20000000, 0, '2025-07-30 12:01:58', '2025-07-30 12:01:58', 168296),
(248, '', 1, 0, 16699999, 0, '2025-08-02 03:56:31', '2025-08-02 03:56:31', 546),
(249, '', 1, 0, 2370000, 0, '2025-08-02 04:06:13', '2025-08-02 04:06:13', 546),
(250, '', 1, 0, 16639999, 0, '2025-08-02 04:14:10', '2025-08-02 04:14:10', 546),
(251, '', 1, 0, 14459999, 0, '2025-08-03 08:40:23', '2025-08-03 08:40:23', 546),
(252, '', 1, 0, 12309999, 0, '2025-08-03 09:06:30', '2025-08-03 09:06:30', 546),
(253, '', 1, 0, 12309999, 0, '2025-08-03 09:08:57', '2025-08-03 09:08:57', 546),
(254, '', 1, 0, 12309999, 0, '2025-08-03 09:09:09', '2025-08-03 09:09:09', 546),
(255, '', 1, 0, 12249999, 0, '2025-08-03 09:09:23', '2025-08-03 09:09:23', 546),
(256, '', 1, 0, 10129999, 0, '2025-08-03 09:10:39', '2025-08-03 09:10:39', 546),
(257, '', 1, 0, 2210000, 0, '2025-08-03 09:11:10', '2025-08-03 09:11:10', 546);

-- --------------------------------------------------------

--
-- Cấu trúc bảng cho bảng `order_details`
--

CREATE TABLE `order_details` (
  `id` int(10) UNSIGNED NOT NULL,
  `order_id` int(10) UNSIGNED NOT NULL,
  `product_id` int(10) UNSIGNED NOT NULL,
  `quantity` int(10) UNSIGNED NOT NULL DEFAULT 0,
  `discount` bigint(20) UNSIGNED NOT NULL DEFAULT 0,
  `unit_price` bigint(20) UNSIGNED NOT NULL DEFAULT 0,
  `price` bigint(20) UNSIGNED NOT NULL DEFAULT 0,
  `created_at` timestamp NULL DEFAULT NULL,
  `updated_at` timestamp NULL DEFAULT NULL
) ENGINE=InnoDB DEFAULT CHARSET=utf8mb4 COLLATE=utf8mb4_unicode_ci;

--
-- Đang đổ dữ liệu cho bảng `order_details`
--

INSERT INTO `order_details` (`id`, `order_id`, `product_id`, `quantity`, `discount`, `unit_price`, `price`, `created_at`, `updated_at`) VALUES
(104, 105, 561, 2, 0, 100000, 200000, '2024-07-30 19:19:51', '2024-07-30 19:19:51'),
(105, 105, 562, 4, 0, 10000, 40000, '2024-07-30 19:19:51', '2024-07-30 19:19:51'),
(107, 107, 564, 1, 0, 50000, 50000, '2024-07-31 15:19:46', '2024-07-31 15:19:46'),
(108, 107, 12345, 1, 0, 100000, 100000, '2024-07-31 15:19:46', '2024-07-31 15:19:46'),
(109, 107, 12346, 1, 0, 27000, 27000, '2024-07-31 15:19:46', '2024-07-31 15:19:46'),
(110, 107, 12347, 1, 0, 20000, 20000, '2024-07-31 15:19:46', '2024-07-31 15:19:46'),
(111, 108, 12348, 1, 26835, 399000, 372165, '2024-08-18 07:36:13', '2024-08-18 07:36:13'),
(115, 111, 564, 1, 0, 50000, 50000, '2024-09-10 14:01:24', '2024-09-10 14:01:24'),
(116, 111, 12345, 1, 0, 100000, 100000, '2024-09-10 14:01:24', '2024-09-10 14:01:24'),
(117, 112, 12345, 1, 0, 100000, 100000, '2024-09-10 15:44:34', '2024-09-10 15:44:34'),
(118, 113, 564, 1, 0, 50000, 50000, '2024-09-11 15:28:37', '2024-09-11 15:28:37'),
(119, 114, 12345, 1, 0, 100000, 100000, '2024-09-11 15:31:51', '2024-09-11 15:31:51'),
(123, 123, 12347, 11, 0, 1000, 11000, '2024-09-12 14:14:27', '2024-09-12 14:14:27'),
(124, 124, 12349, 2, 0, 10000, 20000, '2024-09-12 14:24:27', '2024-09-12 14:24:27'),
(125, 124, 12350, 1, 0, 20000, 20000, '2024-09-12 14:24:27', '2024-09-12 14:24:27'),
(126, 125, 12349, 6, 0, 10000, 60000, '2024-09-12 14:24:46', '2024-09-12 14:24:46'),
(127, 125, 12350, 3, 0, 20000, 60000, '2024-09-12 14:24:46', '2024-09-12 14:24:46'),
(128, 126, 564, 1, 1000, 50000, 49000, '2024-09-12 16:24:19', '2024-09-12 16:24:19'),
(129, 127, 12346, 1, 0, 30000, 30000, '2024-09-14 06:21:57', '2024-09-14 06:21:57'),
(130, 128, 564, 1, 0, 50000, 50000, '2024-09-14 06:22:38', '2024-09-14 06:22:38'),
(131, 128, 12345, 1, 0, 100000, 100000, '2024-09-14 06:22:38', '2024-09-14 06:22:38'),
(132, 128, 12346, 1, 0, 30000, 30000, '2024-09-14 06:22:38', '2024-09-14 06:22:38'),
(133, 129, 12345, 13, 0, 100000, 1300000, '2024-09-16 16:13:17', '2024-09-16 16:13:17'),
(134, 129, 12347, 5, 0, 30000, 150000, '2024-09-16 16:13:17', '2024-09-16 16:13:17'),
(135, 129, 564, 7, 0, 50000, 350000, '2024-09-16 16:13:17', '2024-09-16 16:13:17'),
(136, 129, 12346, 2, 0, 30000, 60000, '2024-09-16 16:13:17', '2024-09-16 16:13:17'),
(137, 130, 564, 1, 0, 50000, 50000, '2024-09-16 16:53:18', '2024-09-16 16:53:18'),
(138, 130, 12345, 1, 0, 100000, 100000, '2024-09-16 16:53:18', '2024-09-16 16:53:18'),
(139, 131, 564, 2, 0, 50000, 100000, '2024-09-17 00:49:45', '2024-09-17 00:49:45'),
(140, 132, 564, 2, 0, 50000, 100000, '2024-09-17 00:50:18', '2024-09-17 00:50:18'),
(141, 132, 12347, 1, 0, 30000, 30000, '2024-09-17 00:50:18', '2024-09-17 00:50:18'),
(142, 133, 564, 2, 0, 50000, 100000, '2024-09-17 00:59:29', '2024-09-17 00:59:29'),
(143, 133, 12347, 1, 0, 30000, 30000, '2024-09-17 00:59:29', '2024-09-17 00:59:29'),
(144, 134, 12345, 3, 0, 100000, 300000, '2024-09-17 01:00:43', '2024-09-17 01:00:43'),
(145, 134, 12347, 2, 0, 30000, 60000, '2024-09-17 01:00:43', '2024-09-17 01:00:43'),
(146, 135, 564, 4, 0, 50000, 200000, '2024-09-17 01:02:16', '2024-09-17 01:02:16'),
(147, 135, 12347, 1, 0, 30000, 30000, '2024-09-17 01:02:16', '2024-09-17 01:02:16'),
(148, 135, 12345, 1, 0, 100000, 100000, '2024-09-17 01:02:16', '2024-09-17 01:02:16'),
(149, 136, 564, 2, 0, 50000, 100000, '2024-09-17 01:18:08', '2024-09-17 01:18:08'),
(150, 137, 12346, 1, 0, 30000, 30000, '2024-09-17 01:33:35', '2024-09-17 01:33:35'),
(151, 138, 12346, 1, 0, 30000, 30000, '2024-09-17 01:40:14', '2024-09-17 01:40:14'),
(152, 139, 12346, 1, 0, 30000, 30000, '2024-09-17 06:38:35', '2024-09-17 06:38:35'),
(153, 140, 12347, 11, 0, 1000, 11000, '2024-09-17 14:45:11', '2024-09-17 14:45:11'),
(154, 141, 12347, 11, 0, 1000, 11000, '2024-09-17 14:45:28', '2024-09-17 14:45:28'),
(155, 142, 12347, 11, 0, 1000, 11000, '2024-09-17 14:45:40', '2024-09-17 14:45:40'),
(156, 143, 12347, 11, 0, 1000, 11000, '2024-09-17 14:50:00', '2024-09-17 14:50:00'),
(157, 144, 12346, 1, 0, 30000, 30000, '2024-09-17 16:42:39', '2024-09-17 16:42:39'),
(158, 145, 12346, 1, 0, 30000, 30000, '2024-09-17 16:43:03', '2024-09-17 16:43:03'),
(159, 146, 12346, 1, 0, 30000, 30000, '2024-09-17 16:43:11', '2024-09-17 16:43:11'),
(162, 149, 564, 1, 0, 50000, 50000, '2024-09-19 16:22:57', '2024-09-19 16:22:57'),
(163, 150, 564, 1, 0, 50000, 50000, '2024-09-20 15:03:01', '2024-09-20 15:03:01'),
(172, 159, 564, 1, 0, 50000, 50000, '2024-09-20 15:50:21', '2024-09-20 15:50:21'),
(173, 162, 12347, 11, 0, 1000, 11000, '2024-09-21 07:22:54', '2024-09-21 07:22:54'),
(174, 163, 564, 1, 0, 50000, 50000, '2024-09-21 15:30:35', '2024-09-21 15:30:35'),
(175, 164, 564, 1, 0, 50000, 50000, '2024-09-21 15:30:43', '2024-09-21 15:30:43'),
(176, 165, 564, 1, 0, 50000, 50000, '2024-09-21 16:31:39', '2024-09-21 16:31:39'),
(177, 165, 12347, 1, 0, 30000, 30000, '2024-09-21 16:31:39', '2024-09-21 16:31:39'),
(178, 166, 12347, 1, 0, 30000, 30000, '2024-09-21 16:36:41', '2024-09-21 16:36:41'),
(179, 166, 12345, 1, 0, 100000, 100000, '2024-09-21 16:36:41', '2024-09-21 16:36:41'),
(180, 167, 564, 2, 0, 50000, 100000, '2024-09-21 16:48:56', '2024-09-21 16:48:56'),
(181, 167, 12345, 1, 0, 100000, 100000, '2024-09-21 16:48:56', '2024-09-21 16:48:56'),
(182, 168, 564, 2, 0, 50000, 100000, '2024-09-23 07:58:59', '2024-09-23 07:58:59'),
(183, 168, 12345, 1, 0, 100000, 100000, '2024-09-23 07:58:59', '2024-09-23 07:58:59'),
(184, 169, 12345, 1, 0, 100000, 100000, '2024-09-23 08:00:04', '2024-09-23 08:00:04'),
(185, 170, 12345, 2, 0, 100000, 200000, '2024-09-23 08:00:18', '2024-09-23 08:00:18'),
(186, 171, 564, 2, 0, 50000, 100000, '2024-09-23 08:00:30', '2024-09-23 08:00:30'),
(187, 172, 564, 2, 0, 50000, 100000, '2024-09-23 08:01:59', '2024-09-23 08:01:59'),
(188, 172, 12345, 1, 0, 100000, 100000, '2024-09-23 08:01:59', '2024-09-23 08:01:59'),
(189, 173, 564, 2, 0, 50000, 100000, '2024-09-23 08:02:04', '2024-09-23 08:02:04'),
(190, 174, 564, 1, 0, 50000, 50000, '2024-09-23 08:08:45', '2024-09-23 08:08:45'),
(191, 174, 12345, 1, 0, 100000, 100000, '2024-09-23 08:08:45', '2024-09-23 08:08:45'),
(192, 174, 12347, 1, 0, 30000, 30000, '2024-09-23 08:08:45', '2024-09-23 08:08:45'),
(193, 175, 564, 1, 0, 50000, 50000, '2024-09-23 15:29:20', '2024-09-23 15:29:20'),
(194, 176, 12345, 3, 0, 100000, 300000, '2024-10-16 01:51:28', '2024-10-16 01:51:28'),
(195, 176, 12346, 2, 0, 30000, 60000, '2024-10-16 01:51:28', '2024-10-16 01:51:28'),
(196, 176, 12347, 2, 0, 30000, 60000, '2024-10-16 01:51:28', '2024-10-16 01:51:28'),
(197, 176, 564, 2, 0, 50000, 100000, '2024-10-16 01:51:28', '2024-10-16 01:51:28'),
(198, 177, 12347, 1, 0, 30000, 30000, '2024-10-16 01:52:28', '2024-10-16 01:52:28'),
(199, 177, 564, 1, 0, 50000, 50000, '2024-10-16 01:52:28', '2024-10-16 01:52:28'),
(200, 178, 12353, 1, 0, 150000, 150000, '2024-11-16 13:58:37', '2024-11-16 13:58:37'),
(201, 179, 564, 1, 0, 50000, 50000, '2024-11-26 08:54:50', '2024-11-26 08:54:50'),
(202, 180, 12347, 1, 0, 30000, 30000, '2024-11-26 08:55:12', '2024-11-26 08:55:12'),
(203, 181, 12352, 1, 0, 300000, 300000, '2024-12-01 07:37:26', '2024-12-01 07:37:26'),
(204, 182, 12352, 1, 0, 300000, 300000, '2024-12-01 08:09:58', '2024-12-01 08:09:58'),
(205, 183, 12352, 1, 0, 300000, 300000, '2024-12-06 08:00:17', '2024-12-06 08:00:17'),
(206, 184, 12356, 1, 0, 300000, 300000, '2024-12-09 14:24:26', '2024-12-09 14:24:26'),
(207, 185, 12356, 1, 0, 300000, 300000, '2024-12-09 14:25:31', '2024-12-09 14:25:31'),
(208, 186, 12356, 1, 10, 300000, 300000, '2024-12-09 14:26:04', '2024-12-09 14:26:04'),
(209, 187, 12356, 1, 10, 300000, 300000, '2024-12-09 14:26:51', '2024-12-09 14:26:51'),
(210, 188, 12356, 1, 0, 300000, 300000, '2024-12-09 14:27:11', '2024-12-09 14:27:11'),
(211, 189, 12356, 1, 0, 300000, 300000, '2024-12-09 14:30:13', '2024-12-09 14:30:13'),
(212, 190, 12357, 1, 0, 990000, 990000, '2024-12-09 14:34:22', '2024-12-09 14:34:22'),
(213, 191, 12356, 1, 0, 300000, 300000, '2024-12-09 14:35:52', '2024-12-09 14:35:52'),
(214, 192, 12352, 1, 0, 300000, 300000, '2024-12-22 04:27:25', '2024-12-22 04:27:25'),
(215, 193, 12357, 1, 0, 990000, 990000, '2024-12-25 12:43:35', '2024-12-25 12:43:35'),
(216, 193, 12356, 1, 0, 300000, 300000, '2024-12-25 12:43:35', '2024-12-25 12:43:35'),
(217, 194, 12357, 1, 0, 990000, 990000, '2024-12-25 12:43:44', '2024-12-25 12:43:44'),
(218, 195, 12352, 1, 0, 300000, 300000, '2025-01-08 06:52:52', '2025-01-08 06:52:52'),
(219, 196, 12356, 1, 0, 300000, 300000, '2025-01-20 10:44:15', '2025-01-20 10:44:15'),
(220, 197, 12356, 1, 0, 300000, 300000, '2025-01-20 10:44:22', '2025-01-20 10:44:22'),
(221, 198, 12352, 1, 0, 300000, 300000, '2025-01-25 06:36:19', '2025-01-25 06:36:19'),
(222, 199, 12357, 1, 0, 990000, 990000, '2025-03-19 07:13:24', '2025-03-19 07:13:24'),
(223, 200, 12352, 1, 0, 300000, 300000, '2025-03-24 07:19:21', '2025-03-24 07:19:21'),
(233, 210, 12363, 12, 0, 165000, 1980000, '2025-04-11 04:23:05', '2025-04-11 04:23:05'),
(234, 211, 12366, 6, 0, 210000, 1260000, '2025-04-11 04:24:06', '2025-04-11 04:24:06'),
(236, 213, 12352, 1, 0, 300000, 300000, '2025-04-14 07:30:43', '2025-04-14 07:30:43'),
(240, 217, 12375, 1, 0, 300000, 300000, '2025-04-18 03:35:28', '2025-04-18 03:35:28'),
(241, 218, 12367, 3, 0, 180000, 540000, '2025-04-18 09:19:34', '2025-04-18 09:19:34'),
(242, 219, 12360, 6, 0, 165000, 990000, '2025-04-22 09:05:34', '2025-04-22 09:05:34'),
(244, 221, 12369, 6, 0, 54000, 324000, '2025-04-28 03:06:47', '2025-04-28 03:06:47'),
(245, 222, 12375, 1, 0, 300000, 300000, '2025-04-28 04:31:01', '2025-04-28 04:31:01'),
(246, 223, 12360, 1, 0, 165000, 165000, '2025-04-28 09:13:20', '2025-04-28 09:13:20'),
(247, 224, 12376, 6, 0, 185000, 1110000, '2025-04-29 07:48:53', '2025-04-29 07:48:53'),
(248, 224, 12377, 1, 0, 0, 0, '2025-04-29 07:48:53', '2025-04-29 07:48:53'),
(249, 225, 12352, 1, 0, 300000, 300000, '2025-04-30 05:37:57', '2025-04-30 05:37:57'),
(250, 226, 12372, 1, 0, 170000, 170000, '2025-05-17 02:53:15', '2025-05-17 02:53:15'),
(251, 227, 12367, 1, 0, 180000, 180000, '2025-05-17 10:26:34', '2025-05-17 10:26:34'),
(252, 228, 12372, 1, 0, 170000, 170000, '2025-05-17 11:11:20', '2025-05-17 11:11:20'),
(253, 229, 12352, 1, 0, 300000, 300000, '2025-05-30 11:19:30', '2025-05-30 11:19:30'),
(254, 230, 12352, 2, 0, 300000, 600000, '2025-06-07 03:18:14', '2025-06-07 03:18:14'),
(255, 231, 12372, 1, 0, 170000, 170000, '2025-06-23 09:12:30', '2025-06-23 09:12:30'),
(256, 232, 12372, 1, 0, 170000, 170000, '2025-06-27 02:43:46', '2025-06-27 02:43:46'),
(259, 235, 12376, 1, 0, 185000, 185000, '2025-07-04 03:33:20', '2025-07-04 03:33:20'),
(260, 235, 12378, 2, 0, 0, 0, '2025-07-04 03:33:20', '2025-07-04 03:33:20'),
(261, 236, 12378, 1, 0, 0, 0, '2025-07-04 03:33:40', '2025-07-04 03:33:40'),
(262, 237, 12376, 1, 0, 185000, 185000, '2025-07-04 03:39:45', '2025-07-04 03:39:45'),
(263, 237, 12378, 1, 0, 0, 0, '2025-07-04 03:39:45', '2025-07-04 03:39:45'),
(264, 237, 12379, 1, 0, 0, 0, '2025-07-04 03:39:45', '2025-07-04 03:39:45'),
(265, 237, 12380, 1, 0, 0, 0, '2025-07-04 03:39:45', '2025-07-04 03:39:45'),
(266, 238, 12381, 1, 0, 390000, 390000, '2025-07-20 05:23:21', '2025-07-20 05:23:21'),
(267, 239, 12376, 1, 0, 185000, 185000, '2025-07-25 09:26:44', '2025-07-25 09:26:44'),
(268, 239, 12370, 1, 0, 40000, 40000, '2025-07-25 09:26:44', '2025-07-25 09:26:44'),
(269, 239, 12378, 1, 0, 0, 0, '2025-07-25 09:26:44', '2025-07-25 09:26:44'),
(270, 239, 12380, 1, 0, 0, 0, '2025-07-25 09:26:44', '2025-07-25 09:26:44'),
(271, 239, 12379, 1, 0, 0, 0, '2025-07-25 09:26:44', '2025-07-25 09:26:44'),
(272, 240, 12357, 1, 0, 990000, 990000, '2025-07-30 11:41:23', '2025-07-30 11:41:23'),
(273, 241, 12356, 1, 0, 300000, 300000, '2025-07-30 11:41:43', '2025-07-30 11:41:43'),
(274, 242, 12356, 1, 0, 300000, 300000, '2025-07-30 11:41:51', '2025-07-30 11:41:51'),
(275, 243, 12382, 1, 0, 20000000, 20000000, '2025-07-30 11:52:33', '2025-07-30 11:52:33'),
(276, 244, 12382, 1, 0, 20000000, 20000000, '2025-07-30 11:52:50', '2025-07-30 11:52:50'),
(277, 245, 12382, 1, 0, 20000000, 20000000, '2025-07-30 11:53:55', '2025-07-30 11:53:55'),
(278, 246, 12383, 1, 0, 20000000, 20000000, '2025-07-30 12:01:00', '2025-07-30 12:01:00'),
(279, 247, 12383, 1, 0, 20000000, 20000000, '2025-07-30 12:01:58', '2025-07-30 12:01:58'),
(280, 248, 12346, 2, 0, 30000, 60000, '2025-08-02 03:56:31', '2025-08-02 03:56:31'),
(281, 248, 12347, 3, 0, 30000, 90000, '2025-08-02 03:56:31', '2025-08-02 03:56:31'),
(282, 248, 12345, 1, 0, 100000, 100000, '2025-08-02 03:56:31', '2025-08-02 03:56:31'),
(283, 248, 564, 1, 0, 9999999, 9999999, '2025-08-02 03:56:31', '2025-08-02 03:56:31'),
(284, 248, 12355, 3, 0, 2150000, 6450000, '2025-08-02 03:56:31', '2025-08-02 03:56:31'),
(285, 249, 12355, 1, 0, 2150000, 2150000, '2025-08-02 04:06:13', '2025-08-02 04:06:13'),
(286, 249, 12346, 3, 0, 30000, 90000, '2025-08-02 04:06:13', '2025-08-02 04:06:13'),
(287, 249, 12347, 1, 0, 30000, 30000, '2025-08-02 04:06:13', '2025-08-02 04:06:13'),
(288, 249, 12345, 1, 0, 100000, 100000, '2025-08-02 04:06:13', '2025-08-02 04:06:13'),
(289, 250, 12355, 3, 0, 2150000, 6450000, '2025-08-02 04:14:10', '2025-08-02 04:14:10'),
(290, 250, 12346, 2, 0, 30000, 60000, '2025-08-02 04:14:10', '2025-08-02 04:14:10'),
(291, 250, 12347, 1, 0, 30000, 30000, '2025-08-02 04:14:10', '2025-08-02 04:14:10'),
(292, 250, 12345, 1, 0, 100000, 100000, '2025-08-02 04:14:10', '2025-08-02 04:14:10'),
(293, 250, 564, 1, 0, 9999999, 9999999, '2025-08-02 04:14:10', '2025-08-02 04:14:10'),
(294, 251, 12346, 1, 0, 30000, 30000, '2025-08-03 08:40:23', '2025-08-03 08:40:23'),
(295, 251, 12347, 1, 0, 30000, 30000, '2025-08-03 08:40:23', '2025-08-03 08:40:23'),
(296, 251, 12345, 1, 0, 100000, 100000, '2025-08-03 08:40:23', '2025-08-03 08:40:23'),
(297, 251, 564, 1, 0, 9999999, 9999999, '2025-08-03 08:40:23', '2025-08-03 08:40:23'),
(298, 251, 12355, 2, 0, 2150000, 4300000, '2025-08-03 08:40:23', '2025-08-03 08:40:23'),
(299, 252, 12347, 1, 0, 30000, 30000, '2025-08-03 09:06:30', '2025-08-03 09:06:30'),
(300, 252, 12346, 1, 0, 30000, 30000, '2025-08-03 09:06:30', '2025-08-03 09:06:30'),
(301, 252, 564, 1, 0, 9999999, 9999999, '2025-08-03 09:06:30', '2025-08-03 09:06:30'),
(302, 252, 12345, 1, 0, 100000, 100000, '2025-08-03 09:06:30', '2025-08-03 09:06:30'),
(303, 252, 12355, 1, 0, 2150000, 2150000, '2025-08-03 09:06:30', '2025-08-03 09:06:30'),
(304, 253, 12355, 1, 0, 2150000, 2150000, '2025-08-03 09:08:57', '2025-08-03 09:08:57'),
(305, 253, 12346, 1, 0, 30000, 30000, '2025-08-03 09:08:57', '2025-08-03 09:08:57'),
(306, 253, 12347, 1, 0, 30000, 30000, '2025-08-03 09:08:57', '2025-08-03 09:08:57'),
(307, 253, 12345, 1, 0, 100000, 100000, '2025-08-03 09:08:57', '2025-08-03 09:08:57'),
(308, 253, 564, 1, 0, 9999999, 9999999, '2025-08-03 09:08:57', '2025-08-03 09:08:57'),
(309, 254, 12355, 1, 0, 2150000, 2150000, '2025-08-03 09:09:09', '2025-08-03 09:09:09'),
(310, 254, 12346, 1, 0, 30000, 30000, '2025-08-03 09:09:09', '2025-08-03 09:09:09'),
(311, 254, 12347, 1, 0, 30000, 30000, '2025-08-03 09:09:09', '2025-08-03 09:09:09'),
(312, 254, 12345, 1, 0, 100000, 100000, '2025-08-03 09:09:09', '2025-08-03 09:09:09'),
(313, 254, 564, 1, 0, 9999999, 9999999, '2025-08-03 09:09:09', '2025-08-03 09:09:09'),
(314, 255, 564, 1, 0, 9999999, 9999999, '2025-08-03 09:09:23', '2025-08-03 09:09:23'),
(315, 255, 12345, 1, 0, 100000, 100000, '2025-08-03 09:09:23', '2025-08-03 09:09:23'),
(316, 255, 12355, 1, 0, 2150000, 2150000, '2025-08-03 09:09:23', '2025-08-03 09:09:23'),
(317, 256, 12346, 1, 0, 30000, 30000, '2025-08-03 09:10:39', '2025-08-03 09:10:39'),
(318, 256, 12345, 1, 0, 100000, 100000, '2025-08-03 09:10:39', '2025-08-03 09:10:39'),
(319, 256, 564, 1, 0, 9999999, 9999999, '2025-08-03 09:10:39', '2025-08-03 09:10:39'),
(320, 257, 12346, 1, 0, 30000, 30000, '2025-08-03 09:11:10', '2025-08-03 09:11:10'),
(321, 257, 12347, 1, 0, 30000, 30000, '2025-08-03 09:11:10', '2025-08-03 09:11:10'),
(322, 257, 12355, 1, 0, 2150000, 2150000, '2025-08-03 09:11:10', '2025-08-03 09:11:10');

-- --------------------------------------------------------

--
-- Cấu trúc bảng cho bảng `password_resets`
--

CREATE TABLE `password_resets` (
  `email` varchar(255) COLLATE utf8mb4_unicode_ci NOT NULL,
  `token` varchar(255) COLLATE utf8mb4_unicode_ci NOT NULL,
  `created_at` timestamp NULL DEFAULT NULL
) ENGINE=InnoDB DEFAULT CHARSET=utf8mb4 COLLATE=utf8mb4_unicode_ci;

-- --------------------------------------------------------

--
-- Cấu trúc bảng cho bảng `products`
--

CREATE TABLE `products` (
  `id` int(10) UNSIGNED NOT NULL,
  `user_id` int(10) UNSIGNED NOT NULL,
  `title` varchar(255) COLLATE utf8mb4_unicode_ci NOT NULL DEFAULT '',
  `price` bigint(20) UNSIGNED NOT NULL DEFAULT 0,
  `currency` varchar(255) COLLATE utf8mb4_unicode_ci NOT NULL DEFAULT 'VND',
  `discount` bigint(20) UNSIGNED NOT NULL DEFAULT 0,
  `percent_discount` int(10) UNSIGNED NOT NULL DEFAULT 0,
  `quantity` int(11) NOT NULL DEFAULT 0,
  `serial` varchar(255) COLLATE utf8mb4_unicode_ci NOT NULL DEFAULT '',
  `final_price` bigint(20) UNSIGNED NOT NULL DEFAULT 0,
  `created_at` timestamp NULL DEFAULT NULL,
  `updated_at` timestamp NULL DEFAULT NULL
) ENGINE=InnoDB DEFAULT CHARSET=utf8mb4 COLLATE=utf8mb4_unicode_ci;

--
-- Đang đổ dữ liệu cho bảng `products`
--

INSERT INTO `products` (`id`, `user_id`, `title`, `price`, `currency`, `discount`, `percent_discount`, `quantity`, `serial`, `final_price`, `created_at`, `updated_at`) VALUES
(561, 185, 'Quan Dai', 100000, 'Cai', 0, 0, 192, '123545556', 100000, '2024-07-30 16:15:28', '2024-07-30 19:19:51'),
(562, 185, 'ao so mi', 10000, 'Cai', 0, 0, 44, '2556666', 10000, '2024-07-30 16:20:03', '2024-07-30 19:19:51'),
(564, 546, 'Áo sơ mi 2', 9999999, 'Cái', 0, 0, 509999992, '123545', 9999999, '2024-07-31 15:07:03', '2025-08-03 09:10:39'),
(12345, 546, 'Quần dài', 100000, 'Cái', 0, 0, 6, 'KHJK98940112', 100000, '2024-07-31 15:18:13', '2025-08-03 09:10:39'),
(12346, 546, 'Áo V', 30000, 'Cái', 0, 10, 24, 'KHJK98940113', 27000, '2024-07-31 15:18:13', '2025-08-03 09:11:10'),
(12379, 168408, '........', 0, '0', 0, 0, -2, '0', 0, '2025-07-04 03:38:56', '2025-07-25 09:26:44'),
(12380, 168408, '..........', 0, '0', 0, 0, -2, '0', 0, '2025-07-04 03:39:19', '2025-07-25 09:26:44'),
(12381, 799, 'Lắp đặt Camera', 390000, 'VND', 0, 0, 1, '0', 390000, '2025-07-04 19:57:33', '2025-07-20 05:23:21'),
(12382, 799, 'Dịch vụ thanh toán hộ', 20000000, 'VND', 0, 0, -2, '2', 20000000, '2025-07-30 11:52:12', '2025-07-30 11:53:55'),
(12383, 168296, 'Dịch vụ thu hộ Fe Credit', 20000000, 'VND', 0, 0, -1, '1', 20000000, '2025-07-30 11:57:34', '2025-07-30 12:01:58');

-- --------------------------------------------------------

--
-- Cấu trúc bảng cho bảng `readme`
--

CREATE TABLE `readme` (
  `id` int(11) NOT NULL,
  `readme` text DEFAULT NULL,
  `BTC_address` text DEFAULT NULL,
  `email` text DEFAULT NULL
) ENGINE=InnoDB DEFAULT CHARSET=utf8;

-- --------------------------------------------------------

--
-- Cấu trúc bảng cho bảng `transporter_transaction`
--

CREATE TABLE `transporter_transaction` (
  `id` int(10) UNSIGNED NOT NULL,
  `transporter_name` varchar(255) COLLATE utf8mb4_unicode_ci DEFAULT NULL,
  `transporter_code` varchar(255) COLLATE utf8mb4_unicode_ci DEFAULT NULL,
  `bill_code` varchar(255) COLLATE utf8mb4_unicode_ci DEFAULT NULL,
  `trans_id` varchar(255) COLLATE utf8mb4_unicode_ci DEFAULT NULL,
  `request_date` varchar(255) COLLATE utf8mb4_unicode_ci DEFAULT NULL,
  `total_amount` double(8,2) DEFAULT NULL,
  `list_bill` text COLLATE utf8mb4_unicode_ci DEFAULT NULL,
  `created_at` timestamp NULL DEFAULT NULL,
  `updated_at` timestamp NULL DEFAULT NULL
) ENGINE=InnoDB DEFAULT CHARSET=utf8mb4 COLLATE=utf8mb4_unicode_ci;

--
-- Đang đổ dữ liệu cho bảng `transporter_transaction`
--

INSERT INTO `transporter_transaction` (`id`, `transporter_name`, `transporter_code`, `bill_code`, `trans_id`, `request_date`, `total_amount`, `list_bill`, `created_at`, `updated_at`) VALUES
(1, 'ViettelPay', 'vtp', 'DEMO054617', '2023-10-01', '10-2023', 100023.00, '2042079', '2024-02-22 02:01:17', '2024-02-22 02:01:17'),
(2, 'ViettelPay', 'vtp', 'DEMO054614', '2024-01-01', '2023-10-01', 100023.00, '2042076', '2024-02-22 02:05:56', '2024-02-22 02:05:56'),
(3, 'ViettelPay', 'vtp', 'DEMO054613', '2024-02-01', '2024-02-01', 100023.00, '2042075', '2024-02-22 02:08:36', '2024-02-22 02:08:36'),
(4, 'ViettelPay', 'vtp', '160', '2024-05', '2024-05', 100023.00, '3126037', '2024-05-02 02:16:32', '2024-05-02 02:16:32'),
(5, 'ViettelPay', 'vtp', 'HPK037', '240712133957948099', '2024/07/12 13:39:57', 2000.00, '3643085', '2024-07-12 06:39:58', '2024-07-12 06:39:58'),
(6, 'ViettelPay', 'vtp', 'HPK001', '240722171002859468', '2024/07/22 17:10:02', 3000.00, '3752038', '2024-07-22 10:10:03', '2024-07-22 10:10:03'),
(7, 'ViettelPay', 'vtp', 'HPK001', '240723092936456989', '2024/07/23 09:29:36', 1000.00, '3752048', '2024-07-23 02:29:36', '2024-07-23 02:29:36'),


-- --------------------------------------------------------

--
-- Cấu trúc bảng cho bảng `users`
--

CREATE TABLE `users` (
  `id` int(10) UNSIGNED NOT NULL,
  `username` varchar(255) COLLATE utf8mb4_unicode_ci NOT NULL,
  `password` varchar(255) COLLATE utf8mb4_unicode_ci NOT NULL,
  `phone` varchar(255) COLLATE utf8mb4_unicode_ci DEFAULT NULL,
  `name` varchar(255) COLLATE utf8mb4_unicode_ci DEFAULT NULL,
  `email` varchar(255) COLLATE utf8mb4_unicode_ci DEFAULT NULL,
  `address` varchar(255) COLLATE utf8mb4_unicode_ci DEFAULT NULL,
  `unit` varchar(255) COLLATE utf8mb4_unicode_ci DEFAULT NULL,
  `role` int(11) DEFAULT NULL,
  `creator` int(11) DEFAULT NULL,
  `leader` int(11) DEFAULT NULL,
  `print_bill` tinyint(4) NOT NULL DEFAULT 0,
  `remember_token` varchar(100) COLLATE utf8mb4_unicode_ci DEFAULT NULL,
  `type_postage` varchar(255) COLLATE utf8mb4_unicode_ci NOT NULL DEFAULT 'A',
  `trial` tinyint(4) NOT NULL DEFAULT 0,
  `trial_expire_date` timestamp NULL DEFAULT NULL,
  `active` tinyint(4) NOT NULL DEFAULT 1,
  `block` tinyint(4) NOT NULL DEFAULT 0,
  `token` text COLLATE utf8mb4_unicode_ci DEFAULT NULL,
  `device_info` text COLLATE utf8mb4_unicode_ci DEFAULT NULL,
  `created_at` timestamp NULL DEFAULT NULL,
  `updated_at` timestamp NULL DEFAULT NULL,
  `shop_name` varchar(255) COLLATE utf8mb4_unicode_ci DEFAULT NULL,
  `shop_address` varchar(255) COLLATE utf8mb4_unicode_ci DEFAULT NULL,
  `shop_phone` varchar(255) COLLATE utf8mb4_unicode_ci DEFAULT NULL,
  `shop_print_name` varchar(255) COLLATE utf8mb4_unicode_ci DEFAULT NULL
) ENGINE=InnoDB DEFAULT CHARSET=utf8mb4 COLLATE=utf8mb4_unicode_ci;

--
-- Đang đổ dữ liệu cho bảng `users`
--

INSERT INTO `users` (`id`, `username`, `password`, `phone`, `name`, `email`, `address`, `unit`, `role`, `creator`, `leader`, `print_bill`, `remember_token`, `type_postage`, `trial`, `trial_expire_date`, `active`, `block`, `token`, `device_info`, `created_at`, `updated_at`, `shop_name`, `shop_address`, `shop_phone`, `shop_print_name`) VALUES
(1, 'myadmin', '$2y$10$AGYTJ6VXgGHaQVNb6AWyMOxygvuP/ar.Z6AkSSTHHq1JKNnL.jdua', NULL, 'HPK Viễn Thông', NULL, NULL, NULL, 1, NULL, NULL, 1, 'iZFdmKZ6Ws1aFU4HmcIeeNeKtd1Ciwk5VhlYmLzRbvKWkL1VqDJtQ3ZJjW3g', 'A', 1, NULL, 0, 0, NULL, NULL, '2022-09-09 06:34:15', '2024-02-06 08:24:20', NULL, NULL, NULL, NULL),
(2, 'tranglq_hug', '$2y$10$AnGKM2.mPYzVcR/0WQL5webeZI2UqmEGVOe9Pi.acsg1/MFg7zH86', '0868626870', 'Lê Quốc Trạng', 'lequoctrang7777@gmail.com', 'vị thủy, hậu giang', '199 102022', 4, 2, 92, 0, NULL, 'A', 1, NULL, 0, 1, 'eyJ0eXAiOiJKV1QiLCJhbGciOiJIUzI1NiJ9.eyJpc3MiOiJodHRwOlwvXC90aHVob2hway5jb21cL2FwaVwvbG9naW4iLCJpYXQiOjE3MjUxOTkyNTEsImV4cCI6MTc1NjczNTI1MSwibmJmIjoxNzI1MTk5MjUxLCJqdGkiOiJRV3NIakFUTHR1UjRieG5UIiwic3ViIjoyLCJwcnYiOiJmNmI3MTU0OWRiOGMyYzQyYjc1ODI3YWE0NGYwMmI3ZWU1MjlkMjRkIn0.-jDln6745tlNBTSurPV4XSzka9B6X4xJpgo2OpXatR0', '', '2022-09-09 07:51:29', '2024-09-01 14:13:35', NULL, NULL, NULL, NULL),
(4, 'Phuhung', '$2y$10$EYUoc9JAX7PqMTNa//X0Yu2okx4BiMuLhVqiwjFzV3KYTUOPHX8zm', '0981131368', 'Phuhungsolar', 'quochungtvh@gmail.com', '145 Điện Biên Phủ', 'Phú Hưng', 2, 1, NULL, 1, 'Z1LEj31glX98YOpnXvb7kxU6PNryd3Ju80X1udbIVYHlvWHjBahRHdB8eF0a', 'A', 1, NULL, 0, 0, 'eyJ0eXAiOiJKV1QiLCJhbGciOiJIUzI1NiJ9.eyJpc3MiOiJodHRwOlwvXC9kYXNoYm9hcmQuYWxvcXVhbnN1LmNvbVwvYXBpXC9sb2dpbiIsImlhdCI6MTcwODQ4ODAxMiwiZXhwIjoxNzQwMDI0MDEyLCJuYmYiOjE3MDg0ODgwMTIsImp0aSI6ImNFbXRwZmRIQVB3aVVWZDAiLCJzdWIiOjQsInBydiI6ImY2YjcxNTQ5ZGI4YzJjNDJiNzU4MjdhYTQ0ZjAyYjdlZTUyOWQyNGQifQ.RmBUJhpXLFUlyhDSe0QNfVuPaCbQAI60en-b6hZkRpI', '', '2022-09-09 17:55:17', '2024-02-21 04:00:12', NULL, NULL, NULL, NULL),
(168709, 'Phuonghv_cto_cnkd', '$2y$10$q7t00PLKvwcxs1VRCEJ/ve8suhTr1a3sR4kXTjtDiqaiDPuCGBIhe', '0326177773', 'HUỲNH VĂN PHƯƠNG', 'thuylieu28092021@gmail.com', 'Phong Điền - Thành Phố Cần Thơ', NULL, 4, 168709, NULL, 0, NULL, 'A', 1, '2025-08-09 13:09:29', 0, 0, 'eyJ0eXAiOiJKV1QiLCJhbGciOiJIUzI1NiJ9.eyJpc3MiOiJodHRwczpcL1wvdGh1aG9ocGsuY29tXC9hcGlcL3JlZ2lzdGVyIiwiaWF0IjoxNzU0NDg1Nzc0LCJleHAiOjE3ODYwMjE3NzQsIm5iZiI6MTc1NDQ4NTc3NCwianRpIjoicmwwNUtSTkV2dmZmOEhQRyIsInN1YiI6MTY4NzA5LCJwcnYiOiJmNmI3MTU0OWRiOGMyYzQyYjc1ODI3YWE0NGYwMmI3ZWU1MjlkMjRkIn0.x6OTcoj8u3zPTJM3jqPvZDIrZh9mNw_h5SYkYk_smR0', NULL, '2025-08-06 13:09:29', '2025-08-06 13:09:34', NULL, NULL, NULL, NULL);

--
-- Chỉ mục cho các bảng đã đổ
--

--
-- Chỉ mục cho bảng `admin_config`
--
ALTER TABLE `admin_config`
  ADD PRIMARY KEY (`id`);

--
-- Chỉ mục cho bảng `banner`
--
ALTER TABLE `banner`
  ADD PRIMARY KEY (`id`);

--
-- Chỉ mục cho bảng `collection_data`
--
ALTER TABLE `collection_data`
  ADD PRIMARY KEY (`id`),
  ADD KEY `code` (`code`),
  ADD KEY `bill` (`bill`),
  ADD KEY `user name` (`username`),
  ADD KEY `address` (`address`),
  ADD KEY `account` (`account`),
  ADD KEY `phone` (`phone`),
  ADD KEY `name` (`name`),
  ADD KEY `period` (`period`) USING HASH,
  ADD KEY `leader_username` (`leader_username`);

--
-- Chỉ mục cho bảng `migrations`
--
ALTER TABLE `migrations`
  ADD PRIMARY KEY (`id`);

--
-- Chỉ mục cho bảng `orders`
--
ALTER TABLE `orders`
  ADD PRIMARY KEY (`id`),
  ADD KEY `orders_user_id_foreign` (`user_id`);

--
-- Chỉ mục cho bảng `order_details`
--
ALTER TABLE `order_details`
  ADD PRIMARY KEY (`id`),
  ADD KEY `order_details_order_id_foreign` (`order_id`),
  ADD KEY `order_details_product_id_foreign` (`product_id`);

--
-- Chỉ mục cho bảng `password_resets`
--
ALTER TABLE `password_resets`
  ADD KEY `password_resets_email_index` (`email`);

--
-- Chỉ mục cho bảng `products`
--
ALTER TABLE `products`
  ADD PRIMARY KEY (`id`),
  ADD KEY `products_title_index` (`title`),
  ADD KEY `user_id` (`user_id`);

--
-- Chỉ mục cho bảng `readme`
--
ALTER TABLE `readme`
  ADD PRIMARY KEY (`id`);

--
-- Chỉ mục cho bảng `transporter_transaction`
--
ALTER TABLE `transporter_transaction`
  ADD PRIMARY KEY (`id`);

--
-- Chỉ mục cho bảng `users`
--
ALTER TABLE `users`
  ADD PRIMARY KEY (`id`);

--
-- AUTO_INCREMENT cho các bảng đã đổ
--

--
-- AUTO_INCREMENT cho bảng `admin_config`
--
ALTER TABLE `admin_config`
  MODIFY `id` int(10) UNSIGNED NOT NULL AUTO_INCREMENT, AUTO_INCREMENT=3;

--
-- AUTO_INCREMENT cho bảng `banner`
--
ALTER TABLE `banner`
  MODIFY `id` int(10) UNSIGNED NOT NULL AUTO_INCREMENT, AUTO_INCREMENT=3;
COMMIT;

/*!40101 SET CHARACTER_SET_CLIENT=@OLD_CHARACTER_SET_CLIENT */;
/*!40101 SET CHARACTER_SET_RESULTS=@OLD_CHARACTER_SET_RESULTS */;
/*!40101 SET COLLATION_CONNECTION=@OLD_COLLATION_CONNECTION */;
